timestamp,irradiance,temperature,voltage,status,source
01:50:56,83.38,30.30,13.81,OPTIMAL,REAL
01:50:56,83.38,30.30,13.81,OPTIMAL,REAL
01:50:57,83.38,30.30,13.81,OPTIMAL,REAL
01:50:57,83.38,30.30,13.81,OPTIMAL,REAL
01:50:58,83.38,30.30,13.81,OPTIMAL,REAL
01:50:58,83.38,30.30,13.81,OPTIMAL,REAL
01:50:59,83.38,30.30,13.81,OPTIMAL,REAL
01:50:59,83.38,30.30,13.81,OPTIMAL,REAL
01:51:00,83.38,30.30,13.81,OPTIMAL,REAL
01:51:00,83.38,30.30,13.81,OPTIMAL,REAL
01:51:01,83.38,30.30,13.81,OPTIMAL,REAL
01:51:01,83.38,30.30,13.81,OPTIMAL,REAL
01:51:43,66.76,38.12,12.92,OPTIMAL,REAL
01:51:43,66.76,38.12,12.92,OPTIMAL,REAL
01:51:44,66.76,38.12,12.92,OPTIMAL,REAL
01:51:44,66.76,38.12,12.92,OPTIMAL,REAL
01:51:45,66.76,38.12,12.92,OPTIMAL,REAL
01:51:45,66.76,38.12,12.92,OPTIMAL,REAL
01:51:45,66.76,38.12,12.92,OPTIMAL,REAL
01:51:46,66.76,38.12,12.92,OPTIMAL,REAL
01:51:46,66.76,38.12,12.92,OPTIMAL,REAL
01:51:47,66.76,38.12,12.92,OPTIMAL,REAL
01:52:19,95.31,28.35,14.27,OPTIMAL,REAL
01:52:20,95.31,28.35,14.27,OPTIMAL,REAL
01:52:20,95.31,28.35,14.27,OPTIMAL,REAL
01:52:21,95.31,28.35,14.27,OPTIMAL,REAL
01:52:21,95.31,28.35,14.27,OPTIMAL,REAL
01:52:22,95.31,28.35,14.27,OPTIMAL,REAL
01:52:22,95.31,28.35,14.27,OPTIMAL,REAL
01:52:23,95.31,28.35,14.27,OPTIMAL,REAL
01:52:23,95.31,28.35,14.27,OPTIMAL,REAL
01:52:23,95.31,28.35,14.27,OPTIMAL,REAL
01:52:58,33.33,32.26,12.46,SUB_OPTIMAL,REAL
01:52:59,33.33,32.26,12.46,SUB_OPTIMAL,REAL
01:52:59,33.33,32.26,12.46,SUB_OPTIMAL,REAL
01:53:00,33.33,32.26,12.46,SUB_OPTIMAL,REAL
01:53:00,33.33,32.26,12.46,SUB_OPTIMAL,REAL
01:53:01,33.33,32.26,12.46,SUB_OPTIMAL,REAL
01:53:01,33.33,32.26,12.46,SUB_OPTIMAL,REAL
01:53:02,33.33,32.26,12.46,SUB_OPTIMAL,REAL
01:53:02,33.33,32.26,12.46,SUB_OPTIMAL,REAL
01:53:02,33.33,32.26,12.46,SUB_OPTIMAL,REAL
01:53:03,33.33,32.26,12.46,SUB_OPTIMAL,REAL
01:53:03,33.33,32.26,12.46,SUB_OPTIMAL,REAL
01:53:04,33.33,32.26,12.46,SUB_OPTIMAL,REAL
01:53:46,83.38,55.23,11.86,SUB_OPTIMAL,REAL
01:53:46,83.38,55.23,11.86,SUB_OPTIMAL,REAL
01:53:47,83.38,55.23,11.86,SUB_OPTIMAL,REAL
01:53:47,83.38,55.23,11.86,SUB_OPTIMAL,REAL
01:53:48,83.38,55.23,11.86,SUB_OPTIMAL,REAL
01:53:48,83.38,55.23,11.86,SUB_OPTIMAL,REAL
01:53:49,83.38,55.23,11.86,SUB_OPTIMAL,REAL
01:54:01,66.76,55.23,11.86,SUB_OPTIMAL,REAL
01:54:01,66.76,55.23,11.86,SUB_OPTIMAL,REAL
01:54:02,66.76,55.23,11.86,SUB_OPTIMAL,REAL
01:54:02,66.76,55.23,11.86,SUB_OPTIMAL,REAL
01:54:26,83.38,57.18,11.86,SUB_OPTIMAL,REAL
01:54:26,83.38,57.18,11.86,SUB_OPTIMAL,REAL
01:54:27,83.38,57.18,11.86,SUB_OPTIMAL,REAL
01:54:27,83.38,57.18,11.86,SUB_OPTIMAL,REAL
01:54:59,33.33,45.45,12.16,SUB_OPTIMAL,REAL
01:55:00,33.33,45.45,12.16,SUB_OPTIMAL,REAL
01:55:00,33.33,45.45,12.16,SUB_OPTIMAL,REAL
01:55:01,33.33,45.45,12.16,SUB_OPTIMAL,REAL
01:55:01,33.33,45.45,12.16,SUB_OPTIMAL,REAL
01:55:02,33.33,45.45,12.16,SUB_OPTIMAL,REAL
01:55:02,33.33,45.45,12.16,SUB_OPTIMAL,REAL
01:55:02,33.33,45.45,12.16,SUB_OPTIMAL,REAL
01:55:03,33.33,45.45,12.16,SUB_OPTIMAL,REAL
01:55:03,33.33,45.45,12.16,SUB_OPTIMAL,REAL
01:55:04,33.33,45.45,12.16,SUB_OPTIMAL,REAL
01:55:04,33.33,45.45,12.16,SUB_OPTIMAL,REAL
01:55:05,33.33,45.45,12.16,SUB_OPTIMAL,REAL
01:55:05,33.33,45.45,12.16,SUB_OPTIMAL,REAL
01:55:46,91.01,72.34,11.55,CRITICAL_ALERT,REAL
01:55:46,91.01,72.34,11.55,CRITICAL_ALERT,REAL
01:55:47,91.01,72.34,11.55,CRITICAL_ALERT,REAL
01:55:47,91.01,72.34,11.55,CRITICAL_ALERT,REAL
01:55:47,91.01,72.34,11.55,CRITICAL_ALERT,REAL
01:55:48,91.01,72.34,11.55,CRITICAL_ALERT,REAL
01:55:48,91.01,72.34,11.55,CRITICAL_ALERT,REAL
01:55:49,91.01,72.34,11.55,CRITICAL_ALERT,REAL
01:55:49,91.01,72.34,11.55,CRITICAL_ALERT,REAL
01:55:50,91.01,72.34,11.55,CRITICAL_ALERT,REAL
01:55:50,91.01,72.34,11.55,CRITICAL_ALERT,REAL
01:55:51,91.01,72.34,11.55,CRITICAL_ALERT,REAL
01:55:51,91.01,72.34,11.55,CRITICAL_ALERT,REAL
01:56:32,50.05,35.19,9.91,CRITICAL_ALERT,REAL
01:56:32,50.05,35.19,9.91,CRITICAL_ALERT,REAL
01:56:33,50.05,35.19,9.91,CRITICAL_ALERT,REAL
01:56:33,50.05,35.19,9.91,CRITICAL_ALERT,REAL
01:56:34,50.05,35.19,9.91,CRITICAL_ALERT,REAL
01:56:34,50.05,35.19,9.91,CRITICAL_ALERT,REAL
01:56:34,50.05,35.19,9.91,CRITICAL_ALERT,REAL
01:56:35,50.05,35.19,9.91,CRITICAL_ALERT,REAL
01:56:35,50.05,35.19,9.91,CRITICAL_ALERT,REAL
01:56:36,50.05,35.19,9.91,CRITICAL_ALERT,REAL
01:56:36,50.05,35.19,9.91,CRITICAL_ALERT,REAL
01:57:11,33.33,68.43,9.16,CRITICAL_ALERT,REAL
01:57:12,33.33,68.43,9.16,CRITICAL_ALERT,REAL
01:57:12,33.33,68.43,9.16,CRITICAL_ALERT,REAL
01:57:13,33.33,68.43,9.16,CRITICAL_ALERT,REAL
01:57:13,33.33,68.43,9.16,CRITICAL_ALERT,REAL
01:57:13,33.33,68.43,9.16,CRITICAL_ALERT,REAL
01:57:14,33.33,68.43,9.16,CRITICAL_ALERT,REAL
01:57:14,33.33,68.43,9.16,CRITICAL_ALERT,REAL
01:57:15,33.33,68.43,9.16,CRITICAL_ALERT,REAL
01:57:15,33.33,68.43,9.16,CRITICAL_ALERT,REAL
01:57:16,33.33,68.43,9.16,CRITICAL_ALERT,REAL
03:06:17,91.01,32.26,13.81,OPTIMAL,AI
03:06:18,91.01,32.26,13.81,OPTIMAL,AI
03:06:18,91.01,32.26,13.81,OPTIMAL,AI
03:06:19,91.01,32.26,13.81,OPTIMAL,AI
03:06:19,91.01,32.26,13.81,OPTIMAL,AI
03:06:20,91.01,32.26,13.81,OPTIMAL,AI
03:06:20,91.01,32.26,13.81,OPTIMAL,AI
03:06:21,91.01,32.26,13.81,OPTIMAL,AI
03:06:21,91.01,32.26,13.81,OPTIMAL,AI
03:06:21,91.01,32.26,13.81,OPTIMAL,AI
03:06:22,91.01,32.26,13.81,OPTIMAL,AI
03:06:55,66.76,38.12,12.61,OPTIMAL,AI
03:06:56,66.76,38.12,12.61,OPTIMAL,AI
03:06:56,66.76,38.12,12.61,OPTIMAL,AI
03:06:56,66.76,38.12,12.61,OPTIMAL,AI
03:06:57,66.76,38.12,12.61,OPTIMAL,AI
03:06:58,66.76,38.12,12.61,OPTIMAL,AI
03:06:58,66.76,38.12,12.61,OPTIMAL,AI
03:06:59,66.76,38.12,12.61,OPTIMAL,AI
03:07:24,33.33,30.30,12.46,SUB_OPTIMAL,AI
03:07:25,33.33,30.30,12.46,SUB_OPTIMAL,AI
03:07:25,33.33,30.30,12.46,SUB_OPTIMAL,AI
03:07:26,33.33,30.30,12.46,SUB_OPTIMAL,AI
03:07:26,33.33,30.30,12.46,SUB_OPTIMAL,AI
03:07:27,33.33,30.30,12.46,SUB_OPTIMAL,AI
03:07:27,33.33,30.30,12.46,SUB_OPTIMAL,AI
03:07:58,16.72,42.03,12.01,SUB_OPTIMAL,AI
03:07:59,16.72,42.03,12.01,SUB_OPTIMAL,AI
03:07:59,16.72,42.03,12.01,SUB_OPTIMAL,AI
03:08:00,16.72,42.03,12.01,SUB_OPTIMAL,AI
03:08:01,16.72,42.03,12.01,SUB_OPTIMAL,AI
03:08:01,16.72,42.03,12.01,SUB_OPTIMAL,AI
03:08:27,91.01,55.23,11.86,SUB_OPTIMAL,AI
03:08:27,91.01,55.23,11.86,SUB_OPTIMAL,AI
03:08:28,91.01,55.23,11.86,SUB_OPTIMAL,AI
03:08:28,91.01,55.23,11.86,SUB_OPTIMAL,AI
03:08:29,91.01,55.23,11.86,SUB_OPTIMAL,AI
03:09:01,16.72,58.16,11.55,SUB_OPTIMAL,AI
03:09:02,16.72,58.16,11.55,SUB_OPTIMAL,AI
03:09:02,16.72,58.16,11.55,SUB_OPTIMAL,AI
03:09:02,16.72,58.16,11.55,SUB_OPTIMAL,AI
03:09:03,16.72,58.16,11.55,SUB_OPTIMAL,AI
03:09:03,16.72,58.16,11.55,SUB_OPTIMAL,AI
03:09:04,16.72,58.16,11.55,SUB_OPTIMAL,AI
03:09:42,50.05,38.12,8.86,CRITICAL_ALERT,AI
03:09:43,50.05,38.12,8.86,CRITICAL_ALERT,AI
03:09:43,50.05,38.12,8.86,CRITICAL_ALERT,AI
03:09:44,50.05,38.12,8.86,CRITICAL_ALERT,AI
03:10:55,83.38,30.30,8.26,CRITICAL_ALERT,AI
03:10:55,83.38,30.30,8.26,CRITICAL_ALERT,AI
03:10:56,83.38,30.30,8.26,CRITICAL_ALERT,AI
03:10:56,83.38,30.30,8.26,CRITICAL_ALERT,AI
03:10:57,83.38,30.30,8.26,CRITICAL_ALERT,AI
03:10:57,83.38,30.30,8.26,CRITICAL_ALERT,AI
03:10:58,83.38,30.30,8.26,CRITICAL_ALERT,AI
03:10:58,83.38,30.30,8.26,CRITICAL_ALERT,AI
03:11:40,95.31,74.29,12.32,CRITICAL_ALERT,AI
03:11:40,95.31,74.29,12.32,CRITICAL_ALERT,AI
03:11:41,95.31,74.29,12.32,CRITICAL_ALERT,AI
03:11:41,95.31,74.29,12.32,CRITICAL_ALERT,AI
03:11:42,95.31,74.29,12.32,CRITICAL_ALERT,AI
03:11:42,95.31,74.29,12.32,CRITICAL_ALERT,AI
03:12:12,66.76,70.38,9.16,CRITICAL_ALERT,AI
03:12:13,66.76,70.38,9.16,CRITICAL_ALERT,AI
03:12:13,66.76,70.38,9.16,CRITICAL_ALERT,AI
03:12:14,66.76,70.38,9.16,CRITICAL_ALERT,AI
03:12:14,66.76,70.38,9.16,CRITICAL_ALERT,AI
03:12:15,66.76,70.38,9.16,CRITICAL_ALERT,AI
03:12:15,66.76,70.38,9.16,CRITICAL_ALERT,AI
03:12:16,66.76,70.38,9.16,CRITICAL_ALERT,AI
03:12:16,66.76,70.38,9.16,CRITICAL_ALERT,AI
03:13:05,66.76,35.19,10.81,OPTIMAL,AI
03:13:05,66.76,35.19,10.81,OPTIMAL,AI
03:13:05,66.76,35.19,10.81,OPTIMAL,AI
03:13:06,66.76,35.19,10.81,OPTIMAL,AI
03:13:07,66.76,35.19,10.81,OPTIMAL,AI
03:13:07,66.76,35.19,10.81,OPTIMAL,AI
03:13:26,66.76,35.19,10.37,CRITICAL_ALERT,AI
03:13:26,66.76,35.19,10.37,CRITICAL_ALERT,AI
03:13:27,66.76,35.19,10.37,CRITICAL_ALERT,AI
03:14:01,83.38,62.56,12.01,SUB_OPTIMAL,AI
03:14:01,83.38,62.56,12.01,SUB_OPTIMAL,AI
03:14:02,83.38,62.56,12.01,SUB_OPTIMAL,AI
03:14:02,83.38,62.56,12.01,SUB_OPTIMAL,AI
03:14:03,83.38,62.56,12.01,SUB_OPTIMAL,AI
03:14:14,83.38,66.47,12.01,CRITICAL_ALERT,AI
03:14:14,83.38,66.47,12.01,CRITICAL_ALERT,AI
03:14:14,83.38,66.47,12.01,CRITICAL_ALERT,AI
03:14:15,83.38,66.47,12.01,CRITICAL_ALERT,AI
03:14:42,50.05,30.30,13.06,OPTIMAL,AI
03:14:43,50.05,30.30,13.06,OPTIMAL,AI
03:14:43,50.05,30.30,13.06,OPTIMAL,AI
03:14:44,50.05,30.30,13.06,OPTIMAL,AI
03:14:44,50.05,30.30,13.06,OPTIMAL,AI
03:14:45,50.05,30.30,13.06,OPTIMAL,AI
03:14:51,33.33,30.30,13.06,SUB_OPTIMAL,AI
03:14:51,33.33,30.30,13.06,SUB_OPTIMAL,AI
03:14:52,33.33,30.30,13.06,SUB_OPTIMAL,AI
03:14:52,33.33,30.30,13.06,SUB_OPTIMAL,AI
18:36:45,50.00,56.20,13.06,SUB_OPTIMAL,AI
18:36:47,50.00,56.20,13.06,SUB_OPTIMAL,AI
18:36:49,50.00,56.20,13.06,SUB_OPTIMAL,AI
18:36:50,50.00,56.20,13.06,SUB_OPTIMAL,AI
18:36:53,50.00,56.20,13.06,SUB_OPTIMAL,AI
18:36:54,50.00,56.20,13.06,SUB_OPTIMAL,AI
18:36:58,50.00,56.20,13.06,SUB_OPTIMAL,AI
18:37:00,50.00,56.20,13.06,SUB_OPTIMAL,AI
18:37:01,50.00,56.20,13.06,SUB_OPTIMAL,AI
18:37:04,50.00,56.20,13.06,SUB_OPTIMAL,AI
18:37:05,50.00,56.20,13.06,SUB_OPTIMAL,AI
18:37:07,50.00,56.20,13.06,SUB_OPTIMAL,AI
18:37:08,50.00,56.20,13.06,SUB_OPTIMAL,AI
18:37:09,50.00,56.20,13.06,SUB_OPTIMAL,AI
18:37:12,50.00,56.20,13.06,SUB_OPTIMAL,AI
18:37:14,50.00,56.20,13.06,SUB_OPTIMAL,AI
18:37:15,50.00,56.20,13.06,SUB_OPTIMAL,AI
18:37:16,50.00,55.70,13.06,SUB_OPTIMAL,AI
18:37:18,50.00,54.30,13.06,SUB_OPTIMAL,AI
18:37:19,50.00,47.90,13.06,OPTIMAL,AI
18:37:21,50.00,44.50,13.06,OPTIMAL,AI
18:37:24,50.00,44.50,13.06,OPTIMAL,AI
18:37:26,50.00,44.50,13.06,OPTIMAL,AI
18:37:27,50.00,44.50,12.92,OPTIMAL,AI
18:37:29,50.00,44.50,11.72,OPTIMAL,AI
18:37:30,50.00,44.50,10.81,OPTIMAL,AI
18:37:31,50.00,44.50,10.66,OPTIMAL,AI
18:37:33,50.00,44.50,10.21,CRITICAL_ALERT,AI
18:37:34,50.00,44.50,10.21,CRITICAL_ALERT,AI
18:37:36,50.00,44.50,10.21,CRITICAL_ALERT,AI
18:37:37,50.00,44.50,10.21,CRITICAL_ALERT,AI
18:37:39,50.00,44.50,10.21,CRITICAL_ALERT,AI
18:37:40,50.00,44.50,10.21,CRITICAL_ALERT,AI
18:37:43,50.00,44.50,10.21,CRITICAL_ALERT,AI
18:37:45,50.00,44.50,10.21,CRITICAL_ALERT,AI
18:37:47,50.00,44.50,10.21,CRITICAL_ALERT,AI
18:38:59,91.00,26.90,13.06,OPTIMAL,REAL
18:39:00,91.00,30.30,13.06,OPTIMAL,REAL
18:39:02,91.00,30.30,13.06,OPTIMAL,REAL
18:39:04,91.00,30.30,13.06,OPTIMAL,REAL
18:39:05,91.00,30.30,13.06,OPTIMAL,REAL
18:39:06,91.00,30.30,13.06,OPTIMAL,REAL
18:39:08,91.00,30.30,13.06,OPTIMAL,REAL
18:39:10,91.00,30.30,13.06,OPTIMAL,REAL
18:39:12,91.00,30.30,13.06,OPTIMAL,REAL
18:39:14,91.00,30.30,13.06,OPTIMAL,REAL
18:39:15,91.00,30.30,13.06,OPTIMAL,REAL
18:41:45,33.30,26.90,11.11,SUB_OPTIMAL,REAL
18:41:46,33.30,30.30,11.11,SUB_OPTIMAL,REAL
18:41:46,33.30,30.30,11.11,SUB_OPTIMAL,REAL
18:41:47,33.30,30.30,11.11,SUB_OPTIMAL,REAL
18:41:47,33.30,30.30,11.11,SUB_OPTIMAL,REAL
18:41:48,33.30,30.30,11.11,SUB_OPTIMAL,REAL
18:41:49,33.30,30.30,11.11,SUB_OPTIMAL,REAL
18:41:49,33.30,30.30,11.11,SUB_OPTIMAL,REAL
18:41:50,33.30,30.30,11.11,SUB_OPTIMAL,REAL
18:41:51,33.30,30.30,11.11,SUB_OPTIMAL,REAL
18:41:51,33.30,30.30,11.11,SUB_OPTIMAL,REAL
18:41:52,33.30,30.30,11.11,SUB_OPTIMAL,REAL
18:41:53,33.30,30.30,11.11,SUB_OPTIMAL,REAL
18:41:53,33.30,30.30,11.11,SUB_OPTIMAL,REAL
18:41:54,33.30,30.30,11.11,SUB_OPTIMAL,REAL
18:41:54,33.30,30.30,11.11,SUB_OPTIMAL,REAL
18:41:55,33.30,30.30,11.11,SUB_OPTIMAL,REAL
18:41:55,33.30,30.30,11.11,SUB_OPTIMAL,REAL
18:41:56,33.30,30.30,11.11,SUB_OPTIMAL,REAL
18:41:57,33.30,30.30,11.11,SUB_OPTIMAL,REAL
18:41:58,33.30,30.30,11.11,SUB_OPTIMAL,REAL
18:41:59,33.30,30.30,11.11,SUB_OPTIMAL,REAL
18:41:59,33.30,30.30,11.11,SUB_OPTIMAL,REAL
18:42:00,33.30,30.30,11.11,SUB_OPTIMAL,REAL
18:42:00,33.30,30.30,11.11,SUB_OPTIMAL,REAL
18:42:01,33.30,30.30,11.11,SUB_OPTIMAL,REAL
18:42:02,33.30,30.30,11.11,SUB_OPTIMAL,REAL
18:42:02,33.30,30.30,11.11,SUB_OPTIMAL,REAL
18:42:03,33.30,30.30,11.11,SUB_OPTIMAL,REAL
18:42:04,33.30,30.30,11.11,SUB_OPTIMAL,REAL
18:42:04,33.30,30.30,11.11,SUB_OPTIMAL,REAL
18:42:05,33.30,30.30,11.11,SUB_OPTIMAL,REAL
18:42:05,33.30,30.30,11.11,SUB_OPTIMAL,REAL
18:42:06,33.30,30.30,11.11,SUB_OPTIMAL,REAL
18:42:07,33.30,30.30,11.11,SUB_OPTIMAL,REAL
18:42:07,33.30,30.30,11.11,SUB_OPTIMAL,REAL
18:42:08,33.30,30.30,11.11,SUB_OPTIMAL,REAL
18:42:08,33.30,30.30,11.11,SUB_OPTIMAL,REAL
18:42:09,33.30,30.30,11.11,SUB_OPTIMAL,REAL
18:42:10,33.30,30.30,11.11,SUB_OPTIMAL,REAL
18:42:10,33.30,30.30,11.11,SUB_OPTIMAL,REAL
18:42:12,33.30,30.30,11.11,SUB_OPTIMAL,REAL
18:42:12,33.30,30.30,11.11,SUB_OPTIMAL,REAL
18:42:13,33.30,30.30,11.11,SUB_OPTIMAL,REAL
18:42:13,33.30,30.30,11.11,SUB_OPTIMAL,REAL
18:42:14,33.30,30.30,11.11,SUB_OPTIMAL,REAL
18:42:15,33.30,30.30,11.11,SUB_OPTIMAL,REAL
18:42:15,33.30,30.30,11.11,SUB_OPTIMAL,REAL
18:42:16,33.30,30.30,11.11,SUB_OPTIMAL,REAL
18:42:17,33.30,30.30,11.11,SUB_OPTIMAL,REAL
18:42:17,33.30,30.30,11.11,SUB_OPTIMAL,REAL
18:42:18,33.30,30.30,11.11,SUB_OPTIMAL,REAL
18:42:18,33.30,30.30,11.11,SUB_OPTIMAL,REAL
18:42:19,33.30,30.30,11.11,SUB_OPTIMAL,REAL
18:42:20,33.30,30.30,11.11,SUB_OPTIMAL,REAL
18:42:20,33.30,30.30,11.11,SUB_OPTIMAL,REAL
18:42:21,33.30,30.30,11.11,SUB_OPTIMAL,REAL
18:42:22,33.30,30.30,11.11,SUB_OPTIMAL,REAL
18:42:23,33.30,30.30,11.11,SUB_OPTIMAL,REAL
18:42:23,33.30,30.30,11.11,SUB_OPTIMAL,REAL
18:42:24,33.30,30.30,11.11,SUB_OPTIMAL,REAL
18:42:25,33.30,30.30,11.11,SUB_OPTIMAL,REAL
18:42:25,33.30,30.30,11.11,SUB_OPTIMAL,REAL
18:42:26,33.30,30.30,11.11,SUB_OPTIMAL,REAL
18:42:27,33.30,30.30,11.11,SUB_OPTIMAL,REAL
18:42:27,33.30,30.30,11.11,SUB_OPTIMAL,REAL
18:42:28,33.30,30.30,11.11,SUB_OPTIMAL,REAL
18:42:28,33.30,30.30,11.11,SUB_OPTIMAL,REAL
18:42:29,33.30,30.30,11.11,SUB_OPTIMAL,REAL
18:42:30,33.30,30.30,11.11,SUB_OPTIMAL,REAL
18:42:30,33.30,30.30,11.11,SUB_OPTIMAL,REAL
18:42:31,33.30,30.30,11.11,SUB_OPTIMAL,REAL
18:42:32,33.30,30.30,11.11,SUB_OPTIMAL,REAL
18:42:32,33.30,30.30,11.11,SUB_OPTIMAL,REAL
18:42:33,33.30,30.30,11.11,SUB_OPTIMAL,REAL
18:42:34,33.30,30.30,11.11,SUB_OPTIMAL,REAL
18:42:34,33.30,30.30,11.11,SUB_OPTIMAL,REAL
18:42:35,33.30,30.30,11.11,SUB_OPTIMAL,REAL
18:42:36,33.30,30.30,11.11,SUB_OPTIMAL,REAL
18:42:37,33.30,30.30,11.11,SUB_OPTIMAL,REAL
18:42:37,33.30,30.30,11.11,SUB_OPTIMAL,REAL
18:42:38,33.30,30.30,11.11,SUB_OPTIMAL,REAL
18:42:39,33.30,30.30,11.11,SUB_OPTIMAL,REAL
18:42:39,33.30,30.30,11.11,SUB_OPTIMAL,REAL
18:42:40,33.30,30.30,11.11,SUB_OPTIMAL,REAL
18:42:41,33.30,30.30,11.11,SUB_OPTIMAL,REAL
18:42:41,33.30,30.30,11.11,SUB_OPTIMAL,REAL
18:42:42,33.30,30.30,11.11,SUB_OPTIMAL,REAL
18:42:42,33.30,30.30,11.11,SUB_OPTIMAL,REAL
18:42:43,33.30,30.30,11.11,SUB_OPTIMAL,REAL
18:42:44,33.30,30.30,11.11,SUB_OPTIMAL,REAL
18:42:44,33.30,30.30,11.11,SUB_OPTIMAL,REAL
18:42:45,33.30,30.30,11.11,SUB_OPTIMAL,REAL
18:42:46,33.30,30.30,11.11,SUB_OPTIMAL,REAL
18:42:46,33.30,30.30,11.11,SUB_OPTIMAL,REAL
18:42:47,33.30,30.30,11.11,SUB_OPTIMAL,REAL
18:42:47,33.30,30.30,11.11,SUB_OPTIMAL,REAL
18:42:48,33.30,30.30,11.11,SUB_OPTIMAL,REAL
18:42:48,33.30,30.30,11.11,SUB_OPTIMAL,REAL
18:42:49,33.30,30.30,11.11,SUB_OPTIMAL,REAL
18:42:50,33.30,30.30,11.11,SUB_OPTIMAL,REAL
18:42:50,33.30,30.30,11.11,SUB_OPTIMAL,REAL
18:42:51,33.30,30.30,11.11,SUB_OPTIMAL,REAL
18:42:51,33.30,30.30,11.11,SUB_OPTIMAL,REAL
18:42:52,33.30,30.30,11.11,SUB_OPTIMAL,REAL
18:42:52,33.30,30.30,11.11,SUB_OPTIMAL,REAL
18:42:53,33.30,30.30,11.11,SUB_OPTIMAL,REAL
18:42:54,33.30,30.30,11.11,SUB_OPTIMAL,REAL
18:42:55,33.30,30.30,11.11,SUB_OPTIMAL,REAL
18:42:55,33.30,30.30,11.11,SUB_OPTIMAL,REAL
18:42:56,33.30,30.30,11.11,SUB_OPTIMAL,REAL
18:42:56,33.30,30.30,11.11,SUB_OPTIMAL,REAL
18:42:57,33.30,30.30,11.11,SUB_OPTIMAL,REAL
18:42:57,33.30,30.30,11.11,SUB_OPTIMAL,REAL
18:42:58,33.30,30.30,11.11,SUB_OPTIMAL,REAL
18:42:58,33.30,30.30,11.11,SUB_OPTIMAL,REAL
18:42:59,33.30,30.30,11.11,SUB_OPTIMAL,REAL
18:42:59,33.30,30.30,11.11,SUB_OPTIMAL,REAL
18:43:00,33.30,30.30,11.11,SUB_OPTIMAL,REAL
18:43:01,33.30,30.30,11.11,SUB_OPTIMAL,REAL
18:43:01,33.30,30.30,11.11,SUB_OPTIMAL,REAL
18:43:02,33.30,30.30,11.11,SUB_OPTIMAL,REAL
18:43:03,33.30,30.30,11.11,SUB_OPTIMAL,REAL
18:43:45,33.30,30.30,11.11,SUB_OPTIMAL,AI
18:43:45,33.30,30.30,11.11,SUB_OPTIMAL,AI
18:43:45,33.30,30.30,11.11,SUB_OPTIMAL,AI
18:43:45,33.30,30.30,11.11,SUB_OPTIMAL,AI
18:43:46,33.30,30.30,11.11,SUB_OPTIMAL,AI
18:43:46,33.30,30.30,11.11,SUB_OPTIMAL,AI
18:43:47,33.30,30.30,11.11,SUB_OPTIMAL,AI
18:43:47,33.30,30.30,11.11,SUB_OPTIMAL,AI
18:43:48,33.30,30.30,11.11,SUB_OPTIMAL,AI
18:43:48,33.30,30.30,11.11,SUB_OPTIMAL,AI
18:43:48,33.30,30.30,11.11,SUB_OPTIMAL,AI
18:43:49,33.30,30.30,11.11,SUB_OPTIMAL,AI
18:43:50,33.30,30.30,11.11,SUB_OPTIMAL,AI
18:43:51,33.30,30.30,11.11,SUB_OPTIMAL,AI
18:43:52,33.30,30.30,11.11,SUB_OPTIMAL,AI
18:43:53,33.30,30.30,11.11,SUB_OPTIMAL,AI
18:43:53,33.30,30.30,11.11,SUB_OPTIMAL,AI
18:43:54,33.30,30.30,11.11,SUB_OPTIMAL,AI
18:43:55,33.30,30.30,11.11,SUB_OPTIMAL,AI
18:43:56,33.30,30.30,11.11,SUB_OPTIMAL,AI
18:43:56,33.30,30.30,11.11,SUB_OPTIMAL,AI
18:43:57,33.30,30.30,11.11,SUB_OPTIMAL,AI
18:43:58,33.30,30.30,11.11,SUB_OPTIMAL,AI
18:43:58,33.30,30.30,11.11,SUB_OPTIMAL,AI
18:43:59,33.30,30.30,11.11,SUB_OPTIMAL,AI
18:44:00,33.30,30.30,11.11,SUB_OPTIMAL,AI
18:44:00,33.30,30.30,11.11,SUB_OPTIMAL,AI
18:44:01,33.30,30.30,11.11,SUB_OPTIMAL,AI
18:44:02,33.30,30.30,11.11,SUB_OPTIMAL,AI
18:44:02,33.30,30.30,11.11,SUB_OPTIMAL,AI
18:44:03,33.30,30.30,11.11,SUB_OPTIMAL,AI
18:44:04,33.30,30.30,11.11,SUB_OPTIMAL,AI
18:44:04,33.30,30.30,11.11,SUB_OPTIMAL,AI
18:44:05,33.30,30.30,11.11,SUB_OPTIMAL,AI
18:44:06,33.30,30.30,11.11,SUB_OPTIMAL,AI
18:44:06,33.30,30.30,11.11,SUB_OPTIMAL,AI
18:44:07,33.30,30.30,11.11,SUB_OPTIMAL,AI
18:44:07,33.30,30.30,11.11,SUB_OPTIMAL,AI
18:44:08,33.30,30.30,11.11,SUB_OPTIMAL,AI
18:44:09,33.30,30.30,11.11,SUB_OPTIMAL,AI
18:44:09,33.30,30.30,11.11,SUB_OPTIMAL,AI
18:44:10,33.30,30.30,11.11,SUB_OPTIMAL,AI
18:44:10,33.30,30.30,11.11,SUB_OPTIMAL,AI
18:44:11,33.30,30.30,11.11,SUB_OPTIMAL,AI
18:44:11,33.30,30.30,11.11,SUB_OPTIMAL,AI
18:44:12,33.30,30.30,11.11,SUB_OPTIMAL,AI
18:44:13,33.30,30.30,11.11,SUB_OPTIMAL,AI
18:44:13,33.30,30.30,11.11,SUB_OPTIMAL,AI
18:44:14,33.30,30.30,11.11,SUB_OPTIMAL,AI
18:44:15,33.30,30.30,11.11,SUB_OPTIMAL,AI
18:44:15,33.30,30.30,11.11,SUB_OPTIMAL,AI
18:44:16,33.30,30.30,11.11,SUB_OPTIMAL,AI
18:44:16,33.30,30.30,11.11,SUB_OPTIMAL,AI
18:44:17,33.30,30.30,11.11,SUB_OPTIMAL,AI
18:44:18,33.30,30.30,11.11,SUB_OPTIMAL,AI
18:44:19,33.30,30.30,11.11,SUB_OPTIMAL,AI
18:44:19,33.30,30.30,11.11,SUB_OPTIMAL,AI
18:44:20,33.30,30.30,11.11,SUB_OPTIMAL,AI
18:44:20,33.30,30.30,11.11,SUB_OPTIMAL,AI
18:44:21,33.30,30.30,11.11,SUB_OPTIMAL,AI
18:44:22,33.30,30.30,11.11,SUB_OPTIMAL,AI
18:44:22,33.30,30.30,11.11,SUB_OPTIMAL,AI
18:44:23,33.30,30.30,11.11,SUB_OPTIMAL,AI
18:44:24,33.30,30.30,11.11,SUB_OPTIMAL,AI
18:44:24,33.30,30.30,11.11,SUB_OPTIMAL,AI
18:44:25,33.30,30.30,11.11,SUB_OPTIMAL,AI
18:44:26,33.30,30.30,11.11,SUB_OPTIMAL,AI
18:44:26,33.30,30.30,11.11,SUB_OPTIMAL,AI
18:44:27,33.30,30.30,11.11,SUB_OPTIMAL,AI
18:44:27,33.30,30.30,11.11,SUB_OPTIMAL,AI
18:44:28,33.30,30.30,11.11,SUB_OPTIMAL,AI
18:44:29,33.30,30.30,11.11,SUB_OPTIMAL,AI
18:44:29,33.30,30.30,11.11,SUB_OPTIMAL,AI
18:44:30,33.30,30.30,11.11,SUB_OPTIMAL,AI
18:44:30,33.30,30.30,11.11,SUB_OPTIMAL,AI
18:44:31,33.30,30.30,11.11,SUB_OPTIMAL,AI
18:44:32,33.30,30.30,11.11,SUB_OPTIMAL,AI
18:44:32,33.30,30.30,11.11,SUB_OPTIMAL,AI
18:44:33,33.30,30.30,11.11,SUB_OPTIMAL,AI
18:44:33,33.30,30.30,11.11,SUB_OPTIMAL,AI
18:44:34,33.30,30.30,11.11,SUB_OPTIMAL,AI
18:44:34,33.30,30.30,11.11,SUB_OPTIMAL,AI
18:44:35,33.30,30.30,11.11,SUB_OPTIMAL,AI
18:44:36,33.30,30.30,11.11,SUB_OPTIMAL,AI
18:44:36,33.30,30.30,11.11,SUB_OPTIMAL,AI
18:44:37,33.30,30.30,11.11,SUB_OPTIMAL,AI
18:44:37,33.30,30.30,11.11,SUB_OPTIMAL,AI
18:44:38,33.30,30.30,11.11,SUB_OPTIMAL,AI
18:44:39,33.30,30.30,11.11,SUB_OPTIMAL,AI
18:44:39,33.30,30.30,11.11,SUB_OPTIMAL,AI
18:44:40,33.30,30.30,11.11,SUB_OPTIMAL,AI
18:44:40,33.30,30.30,11.11,SUB_OPTIMAL,AI
18:44:41,33.30,30.30,11.11,SUB_OPTIMAL,AI
18:44:41,33.30,30.30,11.11,SUB_OPTIMAL,AI
18:44:42,33.30,30.30,11.11,SUB_OPTIMAL,AI
18:44:42,33.30,30.30,11.11,SUB_OPTIMAL,AI
18:44:43,33.30,30.30,11.11,SUB_OPTIMAL,AI
18:44:44,33.30,30.30,11.11,SUB_OPTIMAL,AI
18:44:44,33.30,30.30,11.11,SUB_OPTIMAL,AI
18:44:45,33.30,30.30,11.11,SUB_OPTIMAL,AI
18:44:45,33.30,30.30,11.11,SUB_OPTIMAL,AI
18:44:45,33.30,30.30,11.11,SUB_OPTIMAL,AI
18:44:46,33.30,30.30,11.11,SUB_OPTIMAL,AI
18:44:47,33.30,30.30,11.11,SUB_OPTIMAL,AI
18:44:47,33.30,30.30,11.11,SUB_OPTIMAL,AI
18:44:48,33.30,30.30,11.11,SUB_OPTIMAL,AI
18:44:48,33.30,30.30,11.11,SUB_OPTIMAL,AI
18:44:49,33.30,30.30,11.11,SUB_OPTIMAL,AI
18:44:50,33.30,30.30,11.11,SUB_OPTIMAL,AI
18:44:50,33.30,30.30,11.11,SUB_OPTIMAL,AI
18:44:51,33.30,30.30,11.11,SUB_OPTIMAL,AI
18:44:52,33.30,30.30,11.11,SUB_OPTIMAL,AI
18:44:52,33.30,30.30,11.11,SUB_OPTIMAL,AI
18:44:53,33.30,30.30,11.11,SUB_OPTIMAL,AI
18:44:53,33.30,30.30,11.11,SUB_OPTIMAL,AI
18:44:54,33.30,30.30,11.11,SUB_OPTIMAL,AI
18:44:55,33.30,30.30,11.11,SUB_OPTIMAL,AI
18:44:56,33.30,30.30,11.11,SUB_OPTIMAL,AI
18:44:56,33.30,30.30,11.11,SUB_OPTIMAL,AI
18:44:57,33.30,30.30,11.11,SUB_OPTIMAL,AI
18:44:57,33.30,30.30,11.11,SUB_OPTIMAL,AI
18:44:58,33.30,30.30,11.11,SUB_OPTIMAL,AI
18:44:58,33.30,30.30,11.11,SUB_OPTIMAL,AI
18:44:59,33.30,30.30,11.11,SUB_OPTIMAL,AI
18:44:59,33.30,30.30,11.11,SUB_OPTIMAL,AI
18:45:00,33.30,30.30,11.11,SUB_OPTIMAL,AI
18:45:01,33.30,30.30,11.11,SUB_OPTIMAL,AI
18:45:01,33.30,30.30,11.11,SUB_OPTIMAL,AI
18:45:02,33.30,30.30,11.11,SUB_OPTIMAL,AI
18:45:02,33.30,30.30,11.11,SUB_OPTIMAL,AI
18:45:03,33.30,30.30,11.11,SUB_OPTIMAL,AI
18:45:04,33.30,30.30,11.11,SUB_OPTIMAL,AI
18:45:05,33.30,30.30,11.11,SUB_OPTIMAL,AI
18:45:05,33.30,30.30,11.11,SUB_OPTIMAL,AI
18:45:06,33.30,30.30,11.11,SUB_OPTIMAL,AI
18:45:06,33.30,30.30,11.11,SUB_OPTIMAL,AI
18:45:07,33.30,30.30,11.11,SUB_OPTIMAL,AI
18:45:07,33.30,30.30,11.11,SUB_OPTIMAL,AI
18:45:08,33.30,30.30,11.11,SUB_OPTIMAL,AI
18:45:09,33.30,30.30,11.11,SUB_OPTIMAL,AI
18:45:09,33.30,30.30,11.11,SUB_OPTIMAL,AI
18:45:10,33.30,30.30,11.11,SUB_OPTIMAL,AI
18:45:11,33.30,30.30,11.11,SUB_OPTIMAL,AI
18:45:11,33.30,30.30,11.11,SUB_OPTIMAL,AI
18:45:12,33.30,30.30,11.11,SUB_OPTIMAL,AI
18:45:13,33.30,30.30,11.11,SUB_OPTIMAL,AI
18:45:13,33.30,30.30,11.11,SUB_OPTIMAL,AI
18:45:14,33.30,30.30,11.11,SUB_OPTIMAL,AI
18:45:14,33.30,30.30,11.11,SUB_OPTIMAL,AI
18:45:15,33.30,30.30,11.11,SUB_OPTIMAL,AI
